{"cameraMode":{"drawMode":0,"name":"Shaded","section":"Shading Mode"},"sceneLighting":false,"audioPlay":false,"sceneViewState":{"showFog":true,"showMaterialUpdate":false,"showSkybox":false,"showFlares":true,"showImageEffects":true,"showParticleSystems":true},"in2DMode":false,"pivot":{"x":2.1151180267333986,"y":1.0,"z":9.855413436889649},"rotation":{"x":-0.00774302938953042,"y":-0.9916931986808777,"z":0.10601641237735748,"w":-0.07242989540100098},"size":2.8578836917877199,"orthographic":false}